{
 "Gamma": 0.9786648,
"Sigma":        4,
"WeeklyBeta": [ 0.8160859, 0.9410123, 1.175303, 1.390594, 1.305885, 1.111757, 0.9391933, 0.7409977 ],
"RecentBeta": 0.7409977,
"BetaScales": [  1.15308, 1.248977, 1.183179, 0.9390844, 0.8513434, 0.8447829, 0.7889725 ],
"WeeklyR0": [ 0.8338768, 0.9615267, 1.200925,  1.42091, 1.334354, 1.135994, 0.959668, 0.7571516 ],
"RecentR0": 0.7571516,
"FirstDayNum": 55.99985,
"FirstDayInfectedCount": 1.800663,
"FirstDayExposedCount": 6.197064,
"PeakDayNum": 100,
"PeakDayInfectedCount": 633.8512,
"TotalPopulation": 8822000,
"Loss":  2802.21 
}
