{
 "Gamma": 0.04136936,
"Sigma": 0.07142857,
"WeeklyBeta": [ 0.4681949, 0.9319759, 1.364253, 1.431852, 0.02081379, 0.00477473, 0.002711652, 0.002791447 ],
"RecentBeta": 0.002791447,
"BetaScales": [ 1.990572, 1.463829,  1.04955, 0.01453627, 0.2294022, 0.5679174, 1.029427 ],
"WeeklyR0": [ 11.31743, 22.52817, 32.97738, 34.61141, 0.5031209, 0.1154171, 0.06554736, 0.06747619 ],
"RecentR0": 0.06747619,
"FirstDayNum": 53.54491,
"FirstDayInfectedCount": 16.75579,
"FirstDayExposedCount": 13.17108,
"PeakDayNum": 93,
"PeakDayInfectedCount": 8038.677,
"TotalPopulation": 8822000,
"Loss":  712.715 
}
