{
 "Gamma": 0.03921061,
"Sigma": 0.3333333,
"WeeklyBeta": [ 0.6284396, 0.7883275, 0.4542726, 0.1671587, 0.003578431, 0.004429554, 0.01346258 ],
"RecentBeta": 0.01346258,
"BetaScales": [  1.25442, 0.5762485, 0.3679701, 0.02140738, 1.237848, 3.039264 ],
"WeeklyR0": [ 16.02729, 20.10496, 11.58545,   4.2631, 0.0912618, 0.1129683, 0.3433404 ],
"RecentR0": 0.3433404,
"FirstDayNum": 60.80105,
"FirstDayInfectedCount": 11.33753,
"FirstDayExposedCount": 0.3418741,
"PeakDayNum": 93,
"PeakDayInfectedCount": 9186.586,
"TotalPopulation": 8822000,
"Loss":  424.705 
}
