{
 "Gamma": 0.04059177,
"Sigma":      0.2,
"WeeklyBeta": [ 0.2507321, 1.238729, 0.3821742, 0.4051279, 0.04038875, 0.005065597, 0.003349175, 0.008042189 ],
"RecentBeta": 0.008042189,
"BetaScales": [ 4.940446, 0.3085213, 1.060061, 0.09969384, 0.125421, 0.661161, 2.401245 ],
"WeeklyR0": [ 6.176921, 30.51675, 9.415066, 9.980543, 0.9949986, 0.1247937, 0.08250873, 0.1981237 ],
"RecentR0": 0.1981237,
"FirstDayNum": 56.69982,
"FirstDayInfectedCount": 2.432099e-07,
"FirstDayExposedCount": 33.11797,
"PeakDayNum": 92,
"PeakDayInfectedCount": 8953.317,
"TotalPopulation": 8822000,
"Loss": 654.3226 
}
