{
 "Gamma": 0.04060809,
"Sigma": 0.1666667,
"WeeklyBeta": [ 2.323266,  4.97727, 2.682999, 1.090109, 0.1515189, 0.01083014, 0.006754222, 0.002440812 ],
"RecentBeta": 0.002440812,
"BetaScales": [ 2.142359, 0.5390504, 0.4063025, 0.1389942, 0.07147712, 0.6236507, 0.3613758 ],
"WeeklyR0": [ 57.21189, 122.5684, 66.07057, 26.84464,  3.73125, 0.266699, 0.166327, 0.06010656 ],
"RecentR0": 0.06010656,
"FirstDayNum": 52.73879,
"FirstDayInfectedCount": 0.0004431574,
"FirstDayExposedCount": 0.001662476,
"PeakDayNum": 93,
"PeakDayInfectedCount": 8456.125,
"TotalPopulation": 8822000,
"Loss": 584.4308 
}
