{
 "Gamma": 0.9364754,
"Sigma":       12,
"WeeklyBeta": [ 0.7330938, 0.7495531, 1.102692, 1.366712, 1.242559, 1.033417, 0.9281781, 0.891271 ],
"RecentBeta": 0.891271,
"BetaScales": [ 1.022452, 1.471132, 1.239433, 0.9091596, 0.8316844, 0.8981641, 0.9602371 ],
"WeeklyR0": [ 0.7828223, 0.800398, 1.177491, 1.459421, 1.326847, 1.103518, 0.9911399, 0.9517293 ],
"RecentR0": 0.9517293,
"FirstDayNum":       56,
"FirstDayInfectedCount":   6.9219,
"FirstDayExposedCount": 8.023463,
"PeakDayNum": 101,
"PeakDayInfectedCount": 626.9021,
"TotalPopulation": 8822000,
"Loss": 2796.663 
}
