{
 "Gamma": 0.04013244,
"Sigma": 0.1428571,
"WeeklyBeta": [ 2.187869, 0.9946811, 0.588431, 0.01110131, 0.003274539, 0.002558894, 0.004531974 ],
"RecentBeta": 0.004531974,
"BetaScales": [ 0.4546346, 0.5915776, 0.01886594, 0.2949688, 0.7814516, 1.771068 ],
"WeeklyR0": [ 54.51624, 24.78497, 14.66223, 0.2766168, 0.08159333, 0.06376123, 0.1129255 ],
"RecentR0": 0.1129255,
"FirstDayNum": 62.97784,
"FirstDayInfectedCount": 4.609957,
"FirstDayExposedCount": 11.71514,
"PeakDayNum": 92,
"PeakDayInfectedCount": 8818.526,
"TotalPopulation": 8822000,
"Loss": 516.2658 
}
