{
 "Gamma": 0.03998491,
"Sigma":     0.25,
"WeeklyBeta": [ 5.152681, 1.742309, 0.977941, 0.5772444, 0.1895197, 0.002398449, 0.002441054, 0.002397955 ],
"RecentBeta": 0.002397955,
"BetaScales": [ 0.3381365, 0.5612901, 0.5902651, 0.3283179, 0.01265541, 1.017764, 0.982344 ],
"WeeklyR0": [ 128.8656, 43.57417, 24.45775, 14.43656, 4.739779, 0.05998384, 0.06104938, 0.05997149 ],
"RecentR0": 0.05997149,
"FirstDayNum":  53.1404,
"FirstDayInfectedCount": 0.0009132434,
"FirstDayExposedCount": 5.830817e-08,
"PeakDayNum": 93,
"PeakDayInfectedCount": 9080.286,
"TotalPopulation": 8822000,
"Loss": 441.3159 
}
