{
 "Gamma": 0.04016584,
"Sigma":    0.125,
"WeeklyBeta": [ 1.824092, 0.4670873, 0.5732941, 0.793317, 0.02698886, 0.004046246, 0.002284981, 0.001618606 ],
"RecentBeta": 0.001618606,
"BetaScales": [ 0.2560657, 1.227381, 1.383787, 0.03402028, 0.1499228, 0.5647162, 0.7083675 ],
"WeeklyR0": [ 45.41402, 11.62897, 14.27318, 19.75104, 0.6719358, 0.1007385, 0.05688866, 0.04029808 ],
"RecentR0": 0.04029808,
"FirstDayNum": 55.00215,
"FirstDayInfectedCount": 3.365754,
"FirstDayExposedCount": 10.29127,
"PeakDayNum": 91,
"PeakDayInfectedCount": 8643.616,
"TotalPopulation": 8822000,
"Loss": 535.4036 
}
