{
 "Gamma": 0.03941627,
"Sigma":      0.5,
"WeeklyBeta": [ 0.4872522, 0.7041551, 0.4297188, 0.2266415, 0.03378403, 0.004310071, 0.004022942 ],
"RecentBeta": 0.004022942,
"BetaScales": [ 1.445155, 0.6102616, 0.5274182, 0.1490637, 0.1275772, 0.9333818 ],
"WeeklyR0": [  12.3617, 17.86458, 10.90207, 5.749949, 0.8571088, 0.1093475, 0.102063 ],
"RecentR0": 0.102063,
"FirstDayNum": 59.14718,
"FirstDayInfectedCount": 3.951513,
"FirstDayExposedCount": 4.503829,
"PeakDayNum": 92,
"PeakDayInfectedCount":  9203.25,
"TotalPopulation": 8822000,
"Loss": 414.2151 
}
