{
 "Gamma": 0.04301038,
"Sigma":     0.05,
"WeeklyBeta": [ 0.7374155, 1.201039, 2.184529, 2.025576, 0.03053543, 0.005999217, 0.004482052, 0.006434841 ],
"RecentBeta": 0.006434841,
"BetaScales": [ 1.628714, 1.818866, 0.927237, 0.01507493, 0.1964674, 0.7471061, 1.435691 ],
"WeeklyR0": [ 17.14506,  27.9244, 50.79074, 47.09505, 0.7099548, 0.139483, 0.1042086, 0.1496113 ],
"RecentR0": 0.1496113,
"FirstDayNum": 53.01606,
"FirstDayInfectedCount": 4.053007,
"FirstDayExposedCount": 34.64069,
"PeakDayNum": 100,
"PeakDayInfectedCount": 8051.966,
"TotalPopulation": 8822000,
"Loss": 844.4119 
}
