{
 "Gamma": 0.9997449,
"Sigma":        1,
"WeeklyBeta": [ 1.545564e-07, 1.553678e-07, 1.560447e-07, 1.557834e-07, 1.561953e-07, 1.589999e-07, 1.591538e-07, 1.588979e-07 ],
"RecentBeta": 1.588979e-07,
"BetaScales": [  1.00525, 1.004357, 0.9983252, 1.002644, 1.017956, 1.000968, 0.9983919 ],
"WeeklyR0": [ 1.545959e-07, 1.554074e-07, 1.560845e-07, 1.558231e-07, 1.562352e-07, 1.590405e-07, 1.591945e-07, 1.589385e-07 ],
"RecentR0": 1.589385e-07,
"FirstDayNum": 56.00032,
"FirstDayInfectedCount": 889.7661,
"FirstDayExposedCount": 891.0751,
"PeakDayNum": 57,
"PeakDayInfectedCount": 655.3648,
"TotalPopulation": 8822000,
"Loss": 3533.993 
}
