{
 "Gamma": 0.04089501,
"Sigma":      0.1,
"WeeklyBeta": [ 2.786657, 0.5646563, 1.020881, 0.00312986, 0.006344573, 0.01070167, 0.01150552 ],
"RecentBeta": 0.01150552,
"BetaScales": [ 0.2026285, 1.807969, 0.003065842, 2.027111, 1.686744, 1.075114 ],
"WeeklyR0": [ 68.14175, 13.80746, 24.96346, 0.07653404, 0.155143, 0.2616865, 0.2813429 ],
"RecentR0": 0.2813429,
"FirstDayNum": 61.72047,
"FirstDayInfectedCount":  9.22932,
"FirstDayExposedCount": 4.119022,
"PeakDayNum": 91,
"PeakDayInfectedCount": 8572.068,
"TotalPopulation": 8822000,
"Loss": 707.5812 
}
