{
 "Gamma": 0.04068528,
"Sigma":       12,
"WeeklyBeta": [ 0.3727279, 0.07316998, 0.1379125, 0.009511126, 0.004841256, 0.003702144, 0.01038739, 0.02693975, 0.04067663, 0.0451696, 0.06294168, 0.04327919, 0.08901994 ],
"RecentBeta": 0.08901994,
"BetaScales": [ 0.1963094, 1.884823, 0.06896495, 0.5090097, 0.7647074, 2.805777, 2.593505, 1.509911, 1.110456, 1.393452, 0.6876078, 2.056876 ],
"WeeklyR0": [ 9.161248, 1.798439, 3.389739, 0.2337732, 0.1189928, 0.0909947, 0.2553108, 0.6621499, 0.9997874,  1.11022, 1.547038, 1.063756, 2.188014 ],
"RecentR0": 2.188014,
"FirstDayNum": 21.94137,
"FirstDayInfectedCount": 4.734301,
"FirstDayExposedCount": 6.891349,
"PeakDayNum": 363,
"PeakDayInfectedCount":  3791496,
"TotalPopulation": 21709986,
"Loss": 36.17175 
}
