{
 "Gamma": 0.04044593,
"Sigma":        4,
"WeeklyBeta": [ 0.4101085, 0.1299461, 0.04023489, 0.007618332, 0.003883942, 0.007530732, 0.01632823, 0.04176976, 0.09179462, 0.01081534, 0.02255876, 0.009947221 ],
"RecentBeta": 0.009947221,
"BetaScales": [ 0.3168579, 0.3096274, 0.1893464, 0.5098153, 1.938941, 2.168213, 2.558131, 2.197634, 0.1178211, 2.085811, 0.4409471 ],
"WeeklyR0": [ 10.13967, 3.212836, 0.9947821, 0.1883584, 0.096028, 0.1861926, 0.4037052, 1.032731, 2.269564, 0.2674025, 0.5577512, 0.2459387 ],
"RecentR0": 0.2459387,
"FirstDayNum": 24.12647,
"FirstDayInfectedCount": 3.155279,
"FirstDayExposedCount":  10.3793,
"PeakDayNum": 42,
"PeakDayInfectedCount": 267.5754,
"TotalPopulation": 21709986,
"Loss": 27.35307 
}
