{
 "Gamma": 0.0404267,
"Sigma":    0.125,
"WeeklyBeta": [ 1.982542, 0.2664418, 0.01149615, 0.005209944, 0.004092808, 0.00631993, 0.01387298, 0.01325106, 0.02301195, 0.0297251, 0.06632885, 0.1434621, 0.2305573 ],
"RecentBeta": 0.2305573,
"BetaScales": [ 0.134394, 0.04314695, 0.4531903, 0.7855762, 1.544155, 2.195116, 0.9551708, 1.736611, 1.291724, 2.231409, 2.162891, 1.607096 ],
"WeeklyR0": [ 49.04042, 6.590739, 0.2843703, 0.1288738, 0.1012402, 0.1563306, 0.3431638,  0.32778, 0.5692266, 0.7352839, 1.640719, 3.548696, 5.703096 ],
"RecentR0": 5.703096,
"FirstDayNum": 22.15729,
"FirstDayInfectedCount": 3.312399,
"FirstDayExposedCount": 6.364002,
"PeakDayNum": 250,
"PeakDayInfectedCount":  8160600,
"TotalPopulation": 21709986,
"Loss": 42.39131 
}
