{
 "Gamma": 0.040712,
"Sigma":      0.2,
"WeeklyBeta": [ 1.261695, 0.1038459, 0.04020625, 0.005705674, 0.005362704, 0.01133001, 0.03620328, 0.01219075, 0.03033955, 0.084502, 0.04155175, 0.01882267, 0.0190482 ],
"RecentBeta": 0.0190482,
"BetaScales": [ 0.08230662, 0.3871723, 0.1419101, 0.9398898, 2.112741, 3.195345, 0.3367305, 2.488736, 2.785209, 0.4917251, 0.4529933, 1.011982 ],
"WeeklyR0": [ 30.99075, 2.550744, 0.9875775, 0.1401472, 0.131723, 0.2782965, 0.8892533, 0.2994388, 0.7452239, 2.075604, 1.020627, 0.4623371, 0.4678768 ],
"RecentR0": 0.4678768,
"FirstDayNum":  22.6639,
"FirstDayInfectedCount":  6.50905,
"FirstDayExposedCount": 5.980871,
"PeakDayNum": 45,
"PeakDayInfectedCount": 242.7081,
"TotalPopulation": 21709986,
"Loss": 38.56331 
}
