{
 "Gamma": 0.04011266,
"Sigma":        2,
"WeeklyBeta": [  0.53794, 0.07983033, 0.03231217, 0.02552154, 0.02042253, 0.007260879, 0.008625688, 0.01595218, 0.03666732, 0.08713226, 0.03722924, 0.03230815 ],
"RecentBeta": 0.03230815,
"BetaScales": [ 0.1484001, 0.4047606, 0.789843, 0.8002073, 0.3555329, 1.187967, 1.849381, 2.298577, 2.376292, 0.4272727, 0.8678164 ],
"WeeklyR0": [ 13.41073, 1.990153, 0.8055355, 0.6362466, 0.5091292, 0.1810122, 0.2150365, 0.3976844, 0.9141084, 2.172189, 0.928117, 0.8054352 ],
"RecentR0": 0.8054352,
"FirstDayNum": 24.48785,
"FirstDayInfectedCount": 5.142022,
"FirstDayExposedCount": 5.797383,
"PeakDayNum": 37,
"PeakDayInfectedCount": 251.0764,
"TotalPopulation": 21709986,
"Loss": 37.66045 
}
