{
 "Gamma": 0.04086142,
"Sigma":      0.5,
"WeeklyBeta": [ 0.8315181, 0.1785321, 0.0241702, 0.01893611, 0.00965359, 0.009318755, 0.0327529, 0.03707686, 0.0154545, 0.06752374, 0.0256175, 0.0558788, 0.1232544 ],
"RecentBeta": 0.1232544,
"BetaScales": [ 0.2147062, 0.1353829, 0.7834485, 0.5097981, 0.965315, 3.514729, 1.132018, 0.4168234, 4.369195, 0.3793851, 2.181275, 2.205745 ],
"WeeklyR0": [ 20.34971,  4.36921, 0.5915164, 0.4634226, 0.2362519, 0.2280575, 0.8015604, 0.9073806, 0.3782174, 1.652506, 0.6269361,  1.36752, 3.016399 ],
"RecentR0": 3.016399,
"FirstDayNum": 22.54469,
"FirstDayInfectedCount": 3.089901,
"FirstDayExposedCount": 5.643318,
"PeakDayNum": 295,
"PeakDayInfectedCount":  5952356,
"TotalPopulation": 21709986,
"Loss": 38.08914 
}
