{
 "Gamma": 0.0412326,
"Sigma": 0.07142857,
"WeeklyBeta": [  5.81944, 0.07139397, 0.03692029, 0.005700496, 0.006982523, 0.01124038, 0.0124428, 0.01511056, 0.01285325, 0.03061649, 0.02673763, 0.09499077, 0.01626921 ],
"RecentBeta": 0.01626921,
"BetaScales": [ 0.01226819, 0.5171346, 0.1544001, 1.224898, 1.609787, 1.106974, 1.214402, 0.8506134, 2.382005, 0.8733081, 3.552699, 0.1712715 ],
"WeeklyR0": [ 141.1369, 1.731493, 0.8954151, 0.1382522, 0.1693447, 0.272609, 0.301771, 0.3664713, 0.3117254, 0.7425313, 0.6484586, 2.303778, 0.3945716 ],
"RecentR0": 0.3945716,
"FirstDayNum": 22.56363,
"FirstDayInfectedCount": 0.6421755,
"FirstDayExposedCount": 8.454155,
"PeakDayNum": 38,
"PeakDayInfectedCount": 234.4068,
"TotalPopulation": 21709986,
"Loss": 51.33833 
}
