{
 "Gamma": 0.04525267,
"Sigma":     0.25,
"WeeklyBeta": [ 0.5600459, 1.003512, 0.0304288, 0.01209883, 0.006238276, 0.01386999, 0.008188189, 0.03444464, 0.1084248, 0.01631402, 0.07274985, 0.05528882, 0.1601322 ],
"RecentBeta": 0.1601322,
"BetaScales": [ 1.791838, 0.03032232, 0.3976111, 0.5156099, 2.223368, 0.5903531, 4.206625,   3.1478, 0.1504638, 4.459346, 0.7599854, 2.896286 ],
"WeeklyR0": [ 12.37597, 22.17574, 0.6724201, 0.2673617, 0.1378543, 0.3065009, 0.1809438, 0.7611625, 2.395987, 0.3605094, 1.607636,  1.22178, 3.538625 ],
"RecentR0": 3.538625,
"FirstDayNum": 21.90599,
"FirstDayInfectedCount": 0.514941,
"FirstDayExposedCount": 6.026372,
"PeakDayNum": 272,
"PeakDayInfectedCount":  6431275,
"TotalPopulation": 21709986,
"Loss": 55.38929 
}
