{
 "Gamma": 0.04051549,
"Sigma": 0.1666667,
"WeeklyBeta": [ 1.458721, 0.254994, 0.004572638, 0.002092866, 0.005348622, 0.008192821, 0.02782021, 0.01813314, 0.0261327, 0.06913197, 0.04938565, 0.07337619, 0.08024808 ],
"RecentBeta": 0.08024808,
"BetaScales": [ 0.1748066, 0.01793233, 0.4576933, 2.555645, 1.531763, 3.395681, 0.6517974, 1.441157,  2.64542, 0.7143677,  1.48578, 1.093653 ],
"WeeklyR0": [ 36.00402, 6.293742, 0.1128615, 0.05165595, 0.1320142, 0.2022145, 0.6866562, 0.4475607, 0.6450053,  1.70631, 1.218933, 1.811065, 1.980677 ],
"RecentR0": 1.980677,
"FirstDayNum": 21.74587,
"FirstDayInfectedCount": 4.327377,
"FirstDayExposedCount": 6.225507,
"PeakDayNum": 386,
"PeakDayInfectedCount":   308299,
"TotalPopulation": 21709986,
"Loss": 39.10228 
}
