{
 "Gamma": 0.04141013,
"Sigma": 0.1428571,
"WeeklyBeta": [ 1.938671, 0.1112206, 0.009128918, 0.006807798, 0.009197626, 0.01149884, 0.03121619, 0.03537676, 0.0389702, 0.03838479, 0.04580387, 0.03520146, 0.08854791 ],
"RecentBeta": 0.08854791,
"BetaScales": [ 0.05736952, 0.08207936, 0.7457399, 1.351043, 1.250196, 2.714726, 1.133283, 1.101576, 0.9849782, 1.193282, 0.7685259, 2.515461 ],
"WeeklyR0": [ 46.81634, 2.685831, 0.2204513, 0.1643993, 0.2221105, 0.2776817, 0.7538297, 0.8543021, 0.9410788, 0.9269421, 1.106103, 0.8500688, 2.138315 ],
"RecentR0": 2.138315,
"FirstDayNum": 23.73173,
"FirstDayInfectedCount": 4.379601,
"FirstDayExposedCount":  5.97141,
"PeakDayNum": 388,
"PeakDayInfectedCount": 446600.3,
"TotalPopulation": 21709986,
"Loss": 37.29693 
}
