{
 "Gamma": 0.03911087,
"Sigma":        1,
"WeeklyBeta": [ 0.3465422, 0.2271749, 0.05063975, 0.01319921, 0.007643341, 0.007059303, 0.01244487, 0.02213223, 0.05985585, 0.07231219, 0.01127383, 0.004171716, 0.003437919 ],
"RecentBeta": 0.003437919,
"BetaScales": [ 0.6555474, 0.2229109, 0.2606493, 0.5790755, 0.9235886, 1.762903, 1.778422, 2.704466, 1.208106, 0.155905, 0.3700352, 0.824102 ],
"WeeklyR0": [ 8.860509, 5.808484, 1.294774, 0.337482, 0.1954276, 0.1804947, 0.3181946, 0.5658844, 1.530415, 1.848903, 0.2882532, 0.1066638, 0.08790189 ],
"RecentR0": 0.08790189,
"FirstDayNum": 21.08841,
"FirstDayInfectedCount": 9.041796,
"FirstDayExposedCount": 7.838552,
"PeakDayNum": 40,
"PeakDayInfectedCount": 275.5088,
"TotalPopulation": 21709986,
"Loss": 25.40803 
}
