{
 "Gamma": 0.04068497,
"Sigma":      0.1,
"WeeklyBeta": [ 3.158463, 0.1513499, 0.01556173, 0.005224943, 0.005799067, 0.01425772, 0.01240475, 0.0330923, 0.02467361, 0.05793063, 0.05758835, 0.05177003, 0.01936308 ],
"RecentBeta": 0.01936308,
"BetaScales": [ 0.04791886, 0.1028195, 0.3357559, 1.109881, 2.458624, 0.8700373, 2.667712, 0.7455997, 2.347878, 0.9940916, 0.8989671, 0.3740211 ],
"WeeklyR0": [ 77.63218, 3.720045, 0.3824933, 0.1284244, 0.1425359, 0.350442, 0.3048976, 0.813379, 0.6064551, 1.423883,  1.41547, 1.272461, 0.4759272 ],
"RecentR0": 0.4759272,
"FirstDayNum": 21.18536,
"FirstDayInfectedCount": 0.464404,
"FirstDayExposedCount": 17.04379,
"PeakDayNum": 45,
"PeakDayInfectedCount":  230.538,
"TotalPopulation": 21709986,
"Loss": 41.08282 
}
