{
 "Gamma": 0.04084611,
"Sigma": 0.3333333,
"WeeklyBeta": [ 1.090463, 0.2039399, 0.01425564, 0.008845243, 0.0193654, 0.006356452, 0.01570148, 0.05127423, 0.05569305, 0.01089008, 0.05069271, 0.06913826, 0.01244187 ],
"RecentBeta": 0.01244187,
"BetaScales": [ 0.1870214, 0.06990118, 0.6204732, 2.189357, 0.3282376, 2.470164, 3.265567,  1.08618, 0.1955375, 4.654944,  1.36387, 0.1799563 ],
"WeeklyR0": [ 26.69686, 4.992885, 0.3490085, 0.2165504, 0.4741062, 0.1556195, 0.3844057, 1.255303, 1.363485, 0.2666124, 1.241066, 1.692652, 0.3046034 ],
"RecentR0": 0.3046034,
"FirstDayNum": 22.43871,
"FirstDayInfectedCount": 1.669354,
"FirstDayExposedCount": 8.245856,
"PeakDayNum": 40,
"PeakDayInfectedCount": 266.1949,
"TotalPopulation": 21709986,
"Loss": 39.68321 
}
