{
 "Gamma": 0.04222892,
"Sigma":     0.05,
"WeeklyBeta": [ 0.5565597, 0.3735923, 0.7023435, 0.007122451, 0.001470402, 0.003171238, 0.0101814, 0.002211219, 0.00713137, 0.01939679, 0.05555463, 0.08599828, 0.02270491 ],
"RecentBeta": 0.02270491,
"BetaScales": [ 0.6712528, 1.879973, 0.01014098, 0.206446, 2.156716, 3.210544, 0.2171822, 3.225086, 2.719924, 2.864115, 1.547995, 0.2640158 ],
"WeeklyR0": [ 13.17959, 8.846834, 16.63181, 0.1686629, 0.03481977, 0.07509635, 0.2411001, 0.05236265, 0.1688741, 0.4593247, 1.315559, 2.036478, 0.5376625 ],
"RecentR0": 0.5376625,
"FirstDayNum": 11.13586,
"FirstDayInfectedCount": 16.47626,
"FirstDayExposedCount": 4.184676,
"PeakDayNum": 49,
"PeakDayInfectedCount": 201.9372,
"TotalPopulation": 21709986,
"Loss": 67.97745 
}
