{
 "Gamma": 0.07988211,
"Sigma":     0.05,
"WeeklyBeta": [ 3.014113, 1.535685, 0.07075278, 0.01293728, 0.008248982, 0.007786004, 0.01521559, 0.02904689, 0.0791446, 0.1932263,  0.48909,  1.05179, 0.8729594 ],
"RecentBeta": 0.8729594,
"BetaScales": [ 0.509498, 0.04607247, 0.1828519, 0.6376132, 0.9438745, 1.954223, 1.909022, 2.724719, 2.441434, 2.531177, 2.150505, 0.8299746 ],
"WeeklyR0": [ 37.73201, 19.22439, 0.8857149, 0.1619547, 0.1032644, 0.09746868, 0.1904755, 0.363622, 0.9907675, 2.418893, 6.122647, 13.16678,  10.9281 ],
"RecentR0":  10.9281,
"FirstDayNum": 22.76512,
"FirstDayInfectedCount": 2.293678,
"FirstDayExposedCount": 3.831514,
"PeakDayNum": 194,
"PeakDayInfectedCount":  9055544,
"TotalPopulation": 37890000,
"Loss":  110.588 
}
