{
 "Gamma": 0.05124825,
"Sigma":       12,
"WeeklyBeta": [ 0.311673, 0.1564772, 0.1424604, 0.02899735, 0.0175146, 0.00715508, 0.004995566, 0.007893666, 0.01063214, 0.03092121, 0.08667514, 0.2719672, 0.2451502 ],
"RecentBeta": 0.2451502,
"BetaScales": [ 0.5020558, 0.9104226, 0.2035467, 0.6040069, 0.4085209, 0.6981846, 1.580134, 1.346921, 2.908276, 2.803097, 3.137777, 0.9013961 ],
"WeeklyR0": [ 6.081632, 3.053319,  2.77981, 0.5658212, 0.3417599, 0.1396161, 0.09747779, 0.154028, 0.2074635, 0.6033612,  1.69128, 5.306859, 4.783582 ],
"RecentR0": 4.783582,
"FirstDayNum": 21.11761,
"FirstDayInfectedCount": 7.748478,
"FirstDayExposedCount": 4.203081,
"PeakDayNum": 175,
"PeakDayInfectedCount": 1.751558e+07,
"TotalPopulation": 37890000,
"Loss": 63.04961 
}
