{
 "Gamma": 0.05757365,
"Sigma": 0.07142857,
"WeeklyBeta": [ 2.468975, 0.2937126, 0.03547531, 0.01109868, 0.006563494, 0.005456151, 0.005402576, 0.005803735, 0.006370451, 0.006867794, 0.007131647, 0.007180508, 0.007176911 ],
"RecentBeta": 0.007176911,
"BetaScales": [ 0.1189613, 0.1207824, 0.3128564, 0.5913761, 0.8312875, 0.990181, 1.074253, 1.097647,  1.07807, 1.038419, 1.006851, 0.9994991 ],
"WeeklyR0": [ 42.88376,  5.10151, 0.6161727, 0.1927736, 0.1140017, 0.09476819, 0.09383765, 0.1008054, 0.1106487, 0.1192871,  0.12387, 0.1247186, 0.1246562 ],
"RecentR0": 0.1246562,
"FirstDayNum":       23,
"FirstDayInfectedCount": 6.171508,
"FirstDayExposedCount": 3.452211,
"PeakDayNum": 48,
"PeakDayInfectedCount": 206.5717,
"TotalPopulation": 37890000,
"Loss": 95.28596 
}
