{
 "Gamma": 0.05702161,
"Sigma":     0.25,
"WeeklyBeta": [ 0.7026331, 0.7072193, 0.07978444, 0.003300672, 0.006789917, 0.003161928, 0.007073417, 0.02472765, 0.0488396, 0.1117105, 0.2644659, 0.3285124, 0.4972319 ],
"RecentBeta": 0.4972319,
"BetaScales": [ 1.006527, 0.1128143, 0.04136987, 2.057132,  0.46568, 2.237058, 3.495856, 1.975101, 2.287294, 2.367422, 1.242173, 1.513586 ],
"WeeklyR0": [ 12.32222, 12.40265, 1.399197, 0.05788457, 0.1190762, 0.05545141, 0.124048, 0.4336539, 0.8565103, 1.959091, 4.637994, 5.761192,  8.72006 ],
"RecentR0":  8.72006,
"FirstDayNum": 22.95467,
"FirstDayInfectedCount": 2.378645,
"FirstDayExposedCount": 5.420691,
"PeakDayNum": 169,
"PeakDayInfectedCount": 1.871045e+07,
"TotalPopulation": 37890000,
"Loss": 67.45221 
}
