{
 "Gamma": 0.05753801,
"Sigma":      0.2,
"WeeklyBeta": [ 0.883051, 0.6183959, 0.02099299, 0.01837698, 0.01174426, 0.007362076, 0.01299945, 0.02862497, 0.04955382, 0.1444436, 0.2364093, 0.275755, 0.3302406 ],
"RecentBeta": 0.3302406,
"BetaScales": [ 0.7002946, 0.03394749, 0.8753866, 0.6390744, 0.6268659, 1.765731, 2.202014,  1.73114, 2.914883, 1.636689, 1.166431, 1.197587 ],
"WeeklyR0": [ 15.34726, 10.74761, 0.3648543, 0.3193886, 0.2041131, 0.1279515, 0.225928, 0.4974967, 0.8612362, 2.510403, 4.108749, 4.792572, 5.739522 ],
"RecentR0": 5.739522,
"FirstDayNum": 23.17945,
"FirstDayInfectedCount": 3.632204,
"FirstDayExposedCount": 6.488373,
"PeakDayNum": 200,
"PeakDayInfectedCount": 1.477415e+07,
"TotalPopulation": 37890000,
"Loss": 69.83011 
}
