{
 "Gamma": 0.05553088,
"Sigma":    0.125,
"WeeklyBeta": [ 2.037883, 0.2277926, 0.05165868, 0.009884726, 0.008779427, 0.009041452, 0.01383606, 0.02271471, 0.05078343, 0.1220845, 0.3061103, 0.3295325, 0.4637645 ],
"RecentBeta": 0.4637645,
"BetaScales": [ 0.111779, 0.2267794, 0.1913468, 0.8881811, 1.029845, 1.530292, 1.641704, 2.235706, 2.404022, 2.507364, 1.076516, 1.407341 ],
"WeeklyR0": [  36.6982, 4.102089, 0.9302695, 0.1780041, 0.1580999, 0.1628185, 0.2491598, 0.4090465, 0.9145078, 2.198497, 5.512434, 5.934221, 8.351471 ],
"RecentR0": 8.351471,
"FirstDayNum":  22.8768,
"FirstDayInfectedCount": 3.417017,
"FirstDayExposedCount": 6.137141,
"PeakDayNum": 192,
"PeakDayInfectedCount": 1.5242e+07,
"TotalPopulation": 37890000,
"Loss": 77.43926 
}
