{
 "Gamma": 0.05773628,
"Sigma":      0.1,
"WeeklyBeta": [ 1.215105, 0.9657198, 0.02819949, 0.005464114, 0.004417554, 0.005014083, 0.008191158, 0.01549001, 0.03937059, 0.1086359, 0.2314201, 0.6535683, 0.6035304 ],
"RecentBeta": 0.6035304,
"BetaScales": [ 0.7947627, 0.02920049, 0.1937664, 0.8084667, 1.135036,  1.63363, 1.891065, 2.541675, 2.759315, 2.130237, 2.824163, 0.923439 ],
"WeeklyR0": [ 21.04577, 16.72639, 0.4884188, 0.09463917, 0.07651262, 0.08684457, 0.1418719, 0.2682891, 0.6819037, 1.881587, 4.008227, 11.31989, 10.45323 ],
"RecentR0": 10.45323,
"FirstDayNum": 20.84336,
"FirstDayInfectedCount": 4.065272,
"FirstDayExposedCount": 7.853272,
"PeakDayNum": 184,
"PeakDayInfectedCount": 1.478628e+07,
"TotalPopulation": 37890000,
"Loss": 79.07492 
}
