{
 "Gamma": 0.05688181,
"Sigma": 0.1428571,
"WeeklyBeta": [ 1.654205, 0.3680047, 0.03872836, 0.01389656, 0.006963012, 0.006637369, 0.01071516, 0.02409406, 0.06007312, 0.107057, 0.2088026, 0.6957168, 0.390749 ],
"RecentBeta": 0.390749,
"BetaScales": [ 0.2224662, 0.1052388, 0.3588212, 0.5010602, 0.9532325, 1.614369, 2.248595, 2.493275, 1.782111, 1.950387, 3.331936, 0.5616495 ],
"WeeklyR0": [ 29.08145, 6.469638, 0.6808567, 0.2443059, 0.1224119, 0.116687, 0.1883759, 0.4235812, 1.056104, 1.882095, 3.670815, 12.23092, 6.869491 ],
"RecentR0": 6.869491,
"FirstDayNum": 22.90806,
"FirstDayInfectedCount":   3.1545,
"FirstDayExposedCount": 6.340918,
"PeakDayNum": 195,
"PeakDayInfectedCount": 1.474894e+07,
"TotalPopulation": 37890000,
"Loss": 73.87916 
}
