{
 "Gamma": 0.0575188,
"Sigma":      0.5,
"WeeklyBeta": [ 0.4715334, 0.3450703, 0.1824712, 0.01510898, 0.007903139, 0.00754361, 0.006011316, 0.009745034, 0.04156227, 0.08263762, 0.1949851, 0.3261762, 0.9967795 ],
"RecentBeta": 0.9967795,
"BetaScales": [ 0.7318046, 0.5287943, 0.08280201, 0.5230755, 0.9545081, 0.7968752, 1.621115, 4.264969, 1.988285,  2.35952, 1.672826, 3.055954 ],
"WeeklyR0": [ 8.197901, 5.999262, 3.172375, 0.2626791, 0.137401, 0.1311503, 0.1045104, 0.1694235, 0.7225858, 1.436706, 3.389937, 5.670775, 17.32963 ],
"RecentR0": 17.32963,
"FirstDayNum": 22.52566,
"FirstDayInfectedCount": 3.202123,
"FirstDayExposedCount": 5.632309,
"PeakDayNum": 137,
"PeakDayInfectedCount": 2.518241e+07,
"TotalPopulation": 37890000,
"Loss": 66.02387 
}
