{
 "Gamma": 0.06013725,
"Sigma": 0.1666667,
"WeeklyBeta": [ 0.8144106, 0.9008152, 0.04928919, 0.01667452, 0.008219319, 0.007113516, 0.01317796, 0.02268118, 0.04992686, 0.1032384, 0.3021485, 0.6640292, 1.142596 ],
"RecentBeta": 1.142596,
"BetaScales": [ 1.106095, 0.0547162, 0.3382998, 0.4929268, 0.865463, 1.852524, 1.721146, 2.201246, 2.067793, 2.926706, 2.197692, 1.720701 ],
"WeeklyR0": [ 13.54253, 14.97932, 0.8196116, 0.2772744, 0.136676, 0.118288, 0.2191313, 0.377157, 0.8302152, 1.716713, 5.024315,  11.0419,  18.9998 ],
"RecentR0":  18.9998,
"FirstDayNum": 23.47481,
"FirstDayInfectedCount":  4.37936,
"FirstDayExposedCount": 3.177682,
"PeakDayNum": 149,
"PeakDayInfectedCount": 1.945259e+07,
"TotalPopulation": 37890000,
"Loss":  70.5065 
}
