{
 "Gamma": 0.06282858,
"Sigma": 0.3333333,
"WeeklyBeta": [ 0.7486201, 0.1006406, 0.09046523, 0.06276371, 0.003724966, 0.008629831, 0.01665101, 0.0427075, 0.09307371, 0.07474521, 0.173415, 0.08579346, 0.162404 ],
"RecentBeta": 0.162404,
"BetaScales": [ 0.1344349, 0.8988936, 0.6937882, 0.05934905, 2.316754, 1.929471, 2.564859,  2.17933, 0.8030754, 2.320082, 0.4947292, 1.892965 ],
"WeeklyR0": [ 11.91528, 1.601829, 1.439874, 0.9989675, 0.05928777, 0.1373552, 0.2650229, 0.6797463, 1.481391, 1.189669, 2.760129, 1.365516, 2.584875 ],
"RecentR0": 2.584875,
"FirstDayNum": 21.73271,
"FirstDayInfectedCount":  10.1653,
"FirstDayExposedCount": 3.485533,
"PeakDayNum": 286,
"PeakDayInfectedCount":  7560702,
"TotalPopulation": 37890000,
"Loss": 99.89004 
}
