{
 "Gamma": 0.05726943,
"Sigma":        4,
"WeeklyBeta": [ 0.4933873, 0.1588605, 0.0399675, 0.01701204, 0.004098031, 0.005152018, 0.01259256, 0.0262347, 0.07261043, 0.1073482, 0.2796723, 0.01759208 ],
"RecentBeta": 0.01759208,
"BetaScales": [ 0.3219792, 0.2515887, 0.4256469,  0.24089, 1.257193,   2.4442, 2.083349, 2.767725, 1.478412, 2.605283, 0.06290247 ],
"WeeklyR0": [ 8.615195, 2.773914, 0.6978854, 0.2970528, 0.07155704, 0.08996104, 0.2198827, 0.4580925, 1.267874, 1.874441, 4.883448, 0.3071809 ],
"RecentR0": 0.3071809,
"FirstDayNum": 28.24686,
"FirstDayInfectedCount":  4.05721,
"FirstDayExposedCount": 4.888857,
"PeakDayNum": 108,
"PeakDayInfectedCount": 359.5233,
"TotalPopulation": 37890000,
"Loss": 63.99737 
}
