{
 "Gamma": 0.05743377,
"Sigma":        1,
"WeeklyBeta": [ 0.4151044, 0.2434853, 0.2229418, 0.02112955, 0.004606461, 0.003291596, 0.009399929, 0.01229601, 0.01997581, 0.07123062, 0.1278289, 0.3521805, 0.4452866 ],
"RecentBeta": 0.4452866,
"BetaScales": [ 0.586564, 0.9156273, 0.09477611, 0.2180103, 0.7145607, 2.855736, 1.308096, 1.624577, 3.565844, 1.794578, 2.755092,  1.26437 ],
"WeeklyR0": [ 7.227531, 4.239409, 3.881719, 0.3678942, 0.08020475, 0.05731116, 0.1636655, 0.2140903, 0.347806, 1.240222, 2.225675, 6.131941, 7.753044 ],
"RecentR0": 7.753044,
"FirstDayNum": 22.05816,
"FirstDayInfectedCount": 1.941916,
"FirstDayExposedCount": 5.534996,
"PeakDayNum": 152,
"PeakDayInfectedCount": 2.159887e+07,
"TotalPopulation": 37890000,
"Loss": 61.71155 
}
