{
 "Gamma": 0.05590442,
"Sigma":        2,
"WeeklyBeta": [ 0.2351938, 0.4091828, 0.08324466, 0.03408456, 0.004377118, 0.005514269, 0.007766582, 0.01970363, 0.03363622, 0.06353028, 0.132372, 0.3421509, 0.2867214 ],
"RecentBeta": 0.2867214,
"BetaScales": [ 1.739769, 0.2034413, 0.4094504, 0.1284194, 1.259794, 1.408452, 2.536976, 1.707108, 1.888746, 2.083605, 2.584767, 0.837997 ],
"WeeklyR0": [  4.20707, 7.319328, 1.489053, 0.6096935, 0.07829647, 0.09863746, 0.1389261, 0.3524521, 0.6016738, 1.136409, 2.367828, 6.120283, 5.128779 ],
"RecentR0": 5.128779,
"FirstDayNum": 23.63879,
"FirstDayInfectedCount": 2.369901,
"FirstDayExposedCount": 8.003548,
"PeakDayNum": 169,
"PeakDayInfectedCount": 1.791777e+07,
"TotalPopulation": 37890000,
"Loss": 58.86446 
}
