{
 "Gamma": 0.02673303,
"Sigma":        2,
"WeeklyBeta": [ 0.4714557, 0.2219899, 0.4548762, 0.1389817, 0.1887335, 0.09487578, 0.1643563, 0.0392196, 0.05247771, 0.05192417, 0.1512481 ],
"RecentBeta": 0.1512481,
"BetaScales": [ 0.4708606, 2.049085, 0.3055374, 1.357974, 0.5026971, 1.732331, 0.2386255, 1.338048, 0.9894518, 2.912866 ],
"WeeklyR0": [  17.6357, 8.303954, 17.01551, 5.198874, 7.059936, 3.549009, 6.148059, 1.467084, 1.963029, 1.942322, 5.657725 ],
"RecentR0": 5.657725,
"FirstDayNum": 36.98461,
"FirstDayInfectedCount": 4.147249,
"FirstDayExposedCount": 1.048788,
"PeakDayNum": 175,
"PeakDayInfectedCount": 3.076161e+07,
"TotalPopulation": 60480000,
"Loss": 3205.045 
}
