{
 "Gamma": 0.02761028,
"Sigma":      0.2,
"WeeklyBeta": [ 0.7588862, 0.3368432, 0.2244511, 0.4592823, 0.5279583, 0.3542793, 0.2251369, 0.07329712, 0.07967583, 0.02421747, 0.07253659 ],
"RecentBeta": 0.07253659,
"BetaScales": [ 0.4438652, 0.6663369, 2.046247, 1.149529, 0.6710365, 0.6354786, 0.3255669, 1.087025,  0.30395, 2.995217 ],
"WeeklyR0": [ 27.48564, 12.19992, 8.129257, 16.63447,  19.1218, 12.83143, 8.154096, 2.654704, 2.885731, 0.8771179, 2.627159 ],
"RecentR0": 2.627159,
"FirstDayNum":  31.9337,
"FirstDayInfectedCount": 5.613125,
"FirstDayExposedCount": 3.477231,
"PeakDayNum": 298,
"PeakDayInfectedCount": 1.283858e+07,
"TotalPopulation": 60480000,
"Loss": 1368.814 
}
