{
 "Gamma": 0.02732743,
"Sigma":        1,
"WeeklyBeta": [ 0.2274165, 0.2927506, 0.3006156, 0.173812, 0.2245715, 0.2361569, 0.1407333, 0.1027916, 0.03868664, 0.05225743, 0.1116151 ],
"RecentBeta": 0.1116151,
"BetaScales": [ 1.287288, 1.026866, 0.5781868, 1.292037, 1.051589, 0.5959315, 0.7303997, 0.3763601, 1.350787,  2.13587 ],
"WeeklyR0": [ 8.321916,  10.7127, 11.00051,  6.36035, 8.217806, 8.641753, 5.149893,  3.76148, 1.415671,  1.91227, 4.084361 ],
"RecentR0": 4.084361,
"FirstDayNum": 33.35651,
"FirstDayInfectedCount": 5.722265,
"FirstDayExposedCount": 10.32384,
"PeakDayNum": 202,
"PeakDayInfectedCount": 2.405397e+07,
"TotalPopulation": 60480000,
"Loss":  1657.18 
}
