{
 "Gamma": 0.02733059,
"Sigma": 0.3333333,
"WeeklyBeta": [ 0.4256081, 0.2402082, 0.3657805, 0.3506131, 0.2629637, 0.2910238, 0.1972255, 0.08711432, 0.06328282, 0.03861903, 0.04515141 ],
"RecentBeta": 0.04515141,
"BetaScales": [ 0.5643882, 1.522764, 0.9585344, 0.7500108, 1.106707, 0.6776954, 0.4416991, 0.7264342, 0.6102608, 1.169149 ],
"WeeklyR0": [ 15.57259, 8.788987, 13.38356,  12.8286, 9.621588, 10.64828,  7.21629, 3.187429, 2.315458, 1.413033, 1.652047 ],
"RecentR0": 1.652047,
"FirstDayNum": 32.10383,
"FirstDayInfectedCount": 7.026711,
"FirstDayExposedCount": 7.419793,
"PeakDayNum": 397,
"PeakDayInfectedCount":  4221644,
"TotalPopulation": 60480000,
"Loss": 907.6418 
}
