{
 "Gamma": 0.02735457,
"Sigma": 0.1666667,
"WeeklyBeta": [ 0.6656052, 0.7580502, 0.4314654, 0.3973586, 0.461981, 0.3067574,  0.22343, 0.07107503, 0.0569323, 0.0350768, 0.06064137 ],
"RecentBeta": 0.06064137,
"BetaScales": [ 1.138889, 0.5691779, 0.9209512,  1.16263, 0.6640043, 0.7283607, 0.3181087, 0.8010169, 0.6161142, 1.728817 ],
"WeeklyR0": [  24.3325, 27.71201, 15.77306, 14.52622, 16.88862, 11.21412, 8.167923, 2.598287, 2.081272, 1.282301, 2.216864 ],
"RecentR0": 2.216864,
"FirstDayNum": 33.19641,
"FirstDayInfectedCount": 0.7236422,
"FirstDayExposedCount": 15.07165,
"PeakDayNum": 352,
"PeakDayInfectedCount":  9473254,
"TotalPopulation": 60480000,
"Loss": 899.5927 
}
