{
 "Gamma": 0.02737266,
"Sigma":    0.125,
"WeeklyBeta": [ 0.3720773, 0.8450703, 0.6476817, 0.6570583, 0.4617356, 0.4506499, 0.283405, 0.09579854, 0.05798699, 0.0370366, 0.04713547 ],
"RecentBeta": 0.04713547,
"BetaScales": [ 2.271223, 0.7664234, 1.014477, 0.7027316, 0.9759911, 0.6288807, 0.338027, 0.6053014, 0.6387053, 1.272673 ],
"WeeklyR0": [ 13.59302, 30.87278, 23.66162, 24.00418, 16.86849,  16.4635, 10.35358, 3.499789, 2.118427, 1.353051, 1.721991 ],
"RecentR0": 1.721991,
"FirstDayNum": 31.28883,
"FirstDayInfectedCount": 5.247231,
"FirstDayExposedCount": 6.373682,
"PeakDayNum": 396,
"PeakDayInfectedCount":  3791159,
"TotalPopulation": 60480000,
"Loss": 843.5356 
}
