{
 "Gamma": 0.02744084,
"Sigma": 0.07142857,
"WeeklyBeta": [ 1.077271, 1.049716, 0.6509028, 1.238893, 0.7149331, 0.4910715, 0.2125884, 0.03880772, 0.05561048, 0.02558329, 0.02651244 ],
"RecentBeta": 0.02651244,
"BetaScales": [ 0.9744216, 0.6200753, 1.903346, 0.5770741, 0.6868776, 0.4329073, 0.1825486, 1.432975, 0.4600444, 1.036319 ],
"WeeklyR0": [ 39.25792, 38.25377, 23.72022, 45.14777, 26.05361, 17.89564, 7.747154, 1.414232, 2.026558, 0.9323069, 0.966167 ],
"RecentR0": 0.966167,
"FirstDayNum": 35.02889,
"FirstDayInfectedCount": 8.515988,
"FirstDayExposedCount": 5.135692,
"PeakDayNum": 131,
"PeakDayInfectedCount": 111968.6,
"TotalPopulation": 60480000,
"Loss": 894.9559 
}
