{
 "Gamma": 0.02667859,
"Sigma":      0.5,
"WeeklyBeta": [ 0.5087956, 0.4304086, 0.234706, 0.1018849, 0.3221916, 0.2281141, 0.1167809, 0.05856149, 0.07355118, 0.0001351241, 1.272456e-05 ],
"RecentBeta": 1.272456e-05,
"BetaScales": [ 0.8459361, 0.5453097, 0.434096, 3.162309, 0.7080075, 0.5119407, 0.5014646, 1.255965, 0.001837144, 0.09416944 ],
"WeeklyR0": [ 19.07131, 16.13311, 8.797542, 3.818977, 12.07679, 8.550456, 4.377326, 2.195074, 2.756937, 0.005064891, 0.0004769579 ],
"RecentR0": 0.0004769579,
"FirstDayNum": 35.98467,
"FirstDayInfectedCount": 8.755894,
"FirstDayExposedCount": 9.273488,
"PeakDayNum": 102,
"PeakDayInfectedCount": 104864.9,
"TotalPopulation": 60480000,
"Loss": 3398.677 
}
