{
 "Gamma": 0.02662401,
"Sigma":       12,
"WeeklyBeta": [ 0.5183526, 0.229837, 0.0861364, 0.0707895, 0.1352134, 0.2580006, 0.06409441, 0.145926, 0.01828512, 0.06910288, 0.02192281 ],
"RecentBeta": 0.02192281,
"BetaScales": [ 0.4433991, 0.3747716, 0.8218303, 1.910077,   1.9081, 0.2484273, 2.276735, 0.1253041, 3.779187, 0.3172488 ],
"WeeklyR0": [ 19.46936, 8.632697,  3.23529, 2.658859, 5.078625, 9.690523, 2.407391, 5.480991, 0.6867905,  2.59551, 0.8234223 ],
"RecentR0": 0.8234223,
"FirstDayNum": 32.65633,
"FirstDayInfectedCount": 4.281293,
"FirstDayExposedCount":  7.22566,
"PeakDayNum": 106,
"PeakDayInfectedCount": 107988.7,
"TotalPopulation": 60480000,
"Loss": 3441.721 
}
