{
 "Gamma": 0.02732244,
"Sigma":      0.1,
"WeeklyBeta": [ 0.8095524, 0.5363085, 0.5202751, 0.453403, 0.5315102, 0.5260302, 0.3130147, 0.09674942, 0.0558932, 0.03519598, 0.04642694 ],
"RecentBeta": 0.04642694,
"BetaScales": [ 0.6624753, 0.9701043, 0.8714676, 1.172269, 0.9896898, 0.5950508, 0.3090891, 0.5777109, 0.6297005, 1.319098 ],
"WeeklyR0": [ 29.62958, 19.62887, 19.04205, 16.59453, 19.45325, 19.25268, 11.45632, 3.541024, 2.045689, 1.288171, 1.699224 ],
"RecentR0": 1.699224,
"FirstDayNum": 31.20232,
"FirstDayInfectedCount": 10.25608,
"FirstDayExposedCount": 14.58019,
"PeakDayNum": 396,
"PeakDayInfectedCount":  3045907,
"TotalPopulation": 60480000,
"Loss": 823.4706 
}
