{
 "Gamma": 0.02660448,
"Sigma":        4,
"WeeklyBeta": [ 0.5405401, 0.3173211, 0.1113088, 0.09208711, 0.08282052, 0.1173144, 0.07141601, 0.1857184, 0.03245919, 0.04249581, 0.06235463 ],
"RecentBeta": 0.06235463,
"BetaScales": [ 0.5870446, 0.3507764, 0.8273123, 0.8993715,  1.41649, 0.6087572, 2.600515, 0.1747764, 1.309207, 1.467313 ],
"WeeklyR0": [ 20.31763, 11.92736, 4.183836, 3.461339, 3.113029, 4.409575, 2.684361, 6.980719, 1.220065, 1.597318, 2.343765 ],
"RecentR0": 2.343765,
"FirstDayNum": 31.74648,
"FirstDayInfectedCount": 10.28251,
"FirstDayExposedCount": 5.910991,
"PeakDayNum": 293,
"PeakDayInfectedCount": 1.258711e+07,
"TotalPopulation": 60480000,
"Loss": 5162.142 
}
