{
 "Gamma": 0.0274453,
"Sigma":     0.05,
"WeeklyBeta": [ 0.6407479, 0.9709616, 1.610529, 2.710306, 0.7510026, 0.8052107, 0.3538866, 0.08152642, 0.02983824, 0.03893389, 0.04393327 ],
"RecentBeta": 0.04393327,
"BetaScales": [ 1.515357, 1.658695, 1.682867, 0.2770914, 1.072181, 0.4394957, 0.2303744, 0.3659947, 1.304832, 1.128407 ],
"WeeklyR0": [ 23.34637, 35.37807, 58.68142, 98.75304, 27.36362, 29.33875, 12.89425, 2.970506, 1.087189,   1.4186, 1.600758 ],
"RecentR0": 1.600758,
"FirstDayNum": 32.57814,
"FirstDayInfectedCount": 4.647615,
"FirstDayExposedCount": 9.813211,
"PeakDayNum": 397,
"PeakDayInfectedCount":  1372702,
"TotalPopulation": 60480000,
"Loss": 892.3369 
}
