{
 "Gamma": 0.02752934,
"Sigma":     0.25,
"WeeklyBeta": [ 0.9790264, 0.5119216, 0.409455, 0.4530815, 0.5350071, 0.2536133, 0.2083303, 0.07704616, 0.06111151, 0.03719473, 0.04498556 ],
"RecentBeta": 0.04498556,
"BetaScales": [ 0.5228885, 0.7998392, 1.106548, 1.180819, 0.4740373, 0.8214486, 0.369827, 0.7931805, 0.608637, 1.209461 ],
"WeeklyR0": [ 35.56302, 18.59549,  14.8734, 16.45813, 19.43407, 9.212473, 7.567573, 2.798692, 2.219868, 1.351094, 1.634095 ],
"RecentR0": 1.634095,
"FirstDayNum": 32.85685,
"FirstDayInfectedCount": 0.389883,
"FirstDayExposedCount": 2.163979,
"PeakDayNum": 397,
"PeakDayInfectedCount":  3662515,
"TotalPopulation": 60480000,
"Loss": 1143.397 
}
