{
 "Gamma": 0.02727778,
"Sigma": 0.1428571,
"WeeklyBeta": [ 0.592743, 0.3644226, 0.543401, 0.5046254, 0.2907089, 0.4864222, 0.3019886, 0.139284, 0.05243338, 0.05179472, 0.03073664, 0.04655456 ],
"RecentBeta": 0.04655456,
"BetaScales": [ 0.6148071, 1.491129, 0.9286427, 0.5760885, 1.673228, 0.6208363, 0.4612229, 0.3764493, 0.9878196, 0.5934319, 1.514628 ],
"WeeklyR0": [ 21.72988, 13.35969, 19.92101,  18.4995, 10.65735, 17.83218, 11.07086, 5.106135, 1.922201, 1.898788, 1.126801, 1.706684 ],
"RecentR0": 1.706684,
"FirstDayNum": 29.47095,
"FirstDayInfectedCount": 6.371864,
"FirstDayExposedCount": 9.236235,
"PeakDayNum": 394,
"PeakDayInfectedCount":  3607534,
"TotalPopulation": 60480000,
"Loss": 871.3284 
}
