{
 "Gamma": 0.03117026,
"Sigma": 0.1428571,
"WeeklyBeta": [ 0.6514056, 0.176631, 0.2477263, 0.4491259, 1.360147, 0.1495388, 0.00287485, 0.0007586565, 0.001034245, 0.00385124, 0.00826782, 0.02984103, 0.04706865 ],
"RecentBeta": 0.04706865,
"BetaScales": [ 0.2711536, 1.402508, 1.812992, 3.028431, 0.1099431, 0.01922478, 0.2638943, 1.363258, 3.723722, 2.146794, 3.609298, 1.577313 ],
"WeeklyR0": [ 20.89831,  5.66665, 7.947522,  14.4088, 43.63605, 4.797482, 0.09223055, 0.02433911, 0.0331805, 0.123555, 0.2652471, 0.9573558,  1.51005 ],
"RecentR0":  1.51005,
"FirstDayNum": 23.25215,
"FirstDayInfectedCount": 2.962218,
"FirstDayExposedCount": 4.556936,
"PeakDayNum": 388,
"PeakDayInfectedCount":  84703.5,
"TotalPopulation": 51469999,
"Loss": 887.9474 
}
