{
 "Gamma": 0.03126196,
"Sigma": 0.07142857,
"WeeklyBeta": [ 0.3338082, 0.2999426, 0.4639295, 0.8301744, 3.389053, 0.01028565, 0.007040204, 0.004459518, 0.0008216621, 0.0005412178, 0.0007217847, 0.0007002238 ],
"RecentBeta": 0.0007002238,
"BetaScales": [ 0.8985477, 1.546728, 1.789441, 4.082339, 0.003034962, 0.6844686, 0.6334359, 0.1842491, 0.6586866, 1.333631, 0.9701284 ],
"WeeklyR0": [ 10.67778,  9.59449, 14.84006, 26.55542, 108.4082, 0.3290149, 0.2252003,  0.14265, 0.02628313, 0.01731234, 0.02308827, 0.02239859 ],
"RecentR0": 0.02239859,
"FirstDayNum": 24.05408,
"FirstDayInfectedCount": 0.1734199,
"FirstDayExposedCount": 15.76964,
"PeakDayNum": 67,
"PeakDayInfectedCount": 6942.082,
"TotalPopulation": 51469999,
"Loss": 1026.414 
}
