{
 "Gamma": 0.03002793,
"Sigma": 0.3333333,
"WeeklyBeta": [ 0.3918881, 0.1272979, 0.3168407, 0.2536459, 0.5452326, 0.1602974, 0.01736279, 0.0006974142, 0.0008272754, 0.002021122, 0.005210724, 0.01005423, 0.0145847 ],
"RecentBeta": 0.0145847,
"BetaScales": [ 0.3248323,  2.48897, 0.8005469, 2.149582, 0.2939981, 0.1083161, 0.04016717, 1.186204, 2.443107, 2.578134, 1.929527, 1.450604 ],
"WeeklyR0": [ 13.05079, 4.239319, 10.55154,    8.447, 18.15752, 5.338277, 0.5782216, 0.02322552, 0.0275502, 0.06730809, 0.1735293, 0.3348294, 0.4857047 ],
"RecentR0": 0.4857047,
"FirstDayNum": 23.91037,
"FirstDayInfectedCount":  3.60133,
"FirstDayExposedCount": 6.026168,
"PeakDayNum": 71,
"PeakDayInfectedCount":  7177.02,
"TotalPopulation": 51469999,
"Loss": 665.4764 
}
