{
 "Gamma": 0.03302924,
"Sigma":     0.05,
"WeeklyBeta": [ 0.3410054, 0.4691334, 0.7470506, 1.842635, 1.283658, 0.007613328, 0.025177, 0.001494486, 0.005210337, 0.001881613, 0.0008671335, 0.0009573663, 0.001193349 ],
"RecentBeta": 0.001193349,
"BetaScales": [ 1.375736, 1.592405, 2.466546, 0.6966427, 0.005930962, 3.306964, 0.05935916, 3.486374, 0.3611308, 0.4608458, 1.104059, 1.246491 ],
"WeeklyR0": [ 10.32435, 14.20358, 22.61786, 55.78799,  38.8643, 0.2305027, 0.7622641, 0.04524736, 0.1577492, 0.0569681, 0.02625351, 0.02898542, 0.03613008 ],
"RecentR0": 0.03613008,
"FirstDayNum": 22.05104,
"FirstDayInfectedCount": 15.88161,
"FirstDayExposedCount": 0.2587822,
"PeakDayNum": 79,
"PeakDayInfectedCount": 5546.688,
"TotalPopulation": 51469999,
"Loss": 1547.621 
}
