{
 "Gamma": 0.03206953,
"Sigma":        4,
"WeeklyBeta": [ 0.08227588, 0.100272, 0.1282234, 0.2752145, 0.4735732, 0.06456699, 0.03505445, 0.005241559, 0.006245272, 0.008829306, 0.0007964435, 0.001307339 ],
"RecentBeta": 0.001307339,
"BetaScales": [ 1.218729, 1.278756, 2.146367, 1.720742,  0.13634, 0.542916, 0.1495262, 1.191491, 1.413759, 0.09020454, 1.641471 ],
"WeeklyR0": [ 2.565547, 3.126705, 3.998294, 8.581808, 14.76708, 2.013344, 1.093077, 0.1634436, 0.1947416, 0.2753176, 0.0248349, 0.04076578 ],
"RecentR0": 0.04076578,
"FirstDayNum": 27.39598,
"FirstDayInfectedCount":  9.22225,
"FirstDayExposedCount": 5.900477,
"PeakDayNum": 67,
"PeakDayInfectedCount": 7032.031,
"TotalPopulation": 51469999,
"Loss":   776.53 
}
