{
 "Gamma": 0.02927029,
"Sigma":        1,
"WeeklyBeta": [ 0.04249953, 0.1044853, 0.1228533, 0.1778648, 0.3139567, 0.3434667, 0.1148238, 0.01084387, 0.004275913, 0.001331354, 0.001885064, 0.002198779, 0.002636389 ],
"RecentBeta": 0.002636389,
"BetaScales": [ 2.458504, 1.175795, 1.447782, 1.765143, 1.093994, 0.3343084, 0.09443922, 0.3943161, 0.3113614,   1.4159, 1.166421, 1.199024 ],
"WeeklyR0": [ 1.451968,  3.56967, 4.197202, 6.076632, 10.72612, 11.73431, 3.922879, 0.3704737, 0.1460837, 0.04548484, 0.06440196, 0.07511983, 0.09007049 ],
"RecentR0": 0.09007049,
"FirstDayNum": 19.25831,
"FirstDayInfectedCount": 9.480243,
"FirstDayExposedCount": 11.88962,
"PeakDayNum": 70,
"PeakDayInfectedCount": 7380.576,
"TotalPopulation": 51469999,
"Loss": 573.3558 
}
