{
 "Gamma": 0.03008934,
"Sigma":    0.125,
"WeeklyBeta": [ 0.5238915, 0.1415825, 0.3360167, 0.4178031, 1.184357, 0.01106826, 0.01040654, 0.001357562, 0.0001055001, 0.0002736335, 0.001050972, 0.003894287 ],
"RecentBeta": 0.003894287,
"BetaScales": [ 0.2702515, 2.373293,   1.2434, 2.834724, 0.009345378, 0.9402145, 0.1304528, 0.07771295, 2.593679, 3.840801, 3.705414 ],
"WeeklyR0": [  17.4112, 4.705403,  11.1673, 13.88542, 39.36134, 0.3678466, 0.3458547, 0.0451177, 0.00350623, 0.009094035, 0.03492838, 0.1294241 ],
"RecentR0": 0.1294241,
"FirstDayNum": 24.79585,
"FirstDayInfectedCount": 12.81505,
"FirstDayExposedCount": 1.213513,
"PeakDayNum": 68,
"PeakDayInfectedCount": 6958.027,
"TotalPopulation": 51469999,
"Loss": 985.1027 
}
