{
 "Gamma": 0.02940172,
"Sigma":      0.2,
"WeeklyBeta": [ 0.4863498, 0.1948716, 0.1121537, 0.3849061, 0.6630039, 0.004449074, 0.01905905, 0.00308726, 0.0002942799, 0.0007363475, 0.001035736, 0.0004505908 ],
"RecentBeta": 0.0004505908,
"BetaScales": [ 0.4006821, 0.5755261, 3.431951, 1.722508, 0.00671048, 4.283825, 0.1619839, 0.09532074, 2.502201, 1.406586, 0.4350439 ],
"WeeklyR0": [ 16.54154, 6.627899, 3.814529, 13.09128, 22.54983, 0.1513202, 0.6482292, 0.1050027, 0.01000894, 0.02504437, 0.03522706, 0.01532532 ],
"RecentR0": 0.01532532,
"FirstDayNum": 26.38102,
"FirstDayInfectedCount": 17.84642,
"FirstDayExposedCount":  7.15453,
"PeakDayNum": 68,
"PeakDayInfectedCount": 7198.532,
"TotalPopulation": 51469999,
"Loss": 941.1139 
}
