{
 "Gamma": 0.03005213,
"Sigma":       12,
"WeeklyBeta": [ 0.174746, 0.1692871, 0.06262239, 0.1245012, 0.2472782, 0.2502798, 0.062181, 0.0210938, 0.0003780419, 0.0001825922, 0.0002319748, 0.0007166028, 0.0009650585 ],
"RecentBeta": 0.0009650585,
"BetaScales": [ 0.968761, 0.3699183, 1.988126, 1.986151, 1.012139, 0.2484459, 0.3392323, 0.01792194, 0.4829944, 1.270453, 3.089141, 1.346713 ],
"WeeklyR0": [ 5.814761, 5.633114, 2.083792, 4.142841, 8.228309, 8.328189, 2.069105, 0.701907, 0.01257954, 0.006075847, 0.007719078, 0.02384532, 0.03211281 ],
"RecentR0": 0.03211281,
"FirstDayNum": 21.72528,
"FirstDayInfectedCount": 4.842528,
"FirstDayExposedCount": 12.00517,
"PeakDayNum": 70,
"PeakDayInfectedCount":  7138.39,
"TotalPopulation": 51469999,
"Loss": 635.8903 
}
