{
 "Gamma": 0.02663182,
"Sigma":      0.5,
"WeeklyBeta": [ 0.7526992, 0.2629462, 0.214643, 0.1813195, 0.05710896, 0.03595411, 0.00298825, 0.009471633, 0.02620657, 0.01189353, 0.007417457, 0.01003015, 0.02298183 ],
"RecentBeta": 0.02298183,
"BetaScales": [ 0.3493376, 0.8163003, 0.8447491, 0.3149631, 0.6295704, 0.08311291, 3.169625, 2.766848, 0.4538377, 0.6236548, 1.352236, 2.291274 ],
"WeeklyR0": [ 28.26315, 9.873382, 8.059644, 6.808377, 2.144388, 1.350043, 0.112206, 0.3556509, 0.9840321, 0.4465909, 0.2785186, 0.3766228, 0.8629461 ],
"RecentR0": 0.8629461,
"FirstDayNum": 23.02283,
"FirstDayInfectedCount":  5.67498,
"FirstDayExposedCount": 8.056751,
"PeakDayNum": 65,
"PeakDayInfectedCount":   4736.8,
"TotalPopulation": 51469999,
"Loss":  2121.01 
}
