{
 "Gamma": 0.03198921,
"Sigma":      0.1,
"WeeklyBeta": [ 0.1816864, 0.3185193, 0.5980381, 1.008716, 1.650005, 0.008028068, 0.004336989, 0.002100238, 0.001075221, 0.002595111, 0.003161507, 0.003125826 ],
"RecentBeta": 0.003125826,
"BetaScales": [ 1.753127, 1.877557, 1.686709, 1.635747, 0.004865482, 0.5402283, 0.4842617, 0.511952,  2.41356, 1.218255, 0.9887139 ],
"WeeklyR0": [ 5.679615, 9.957085, 18.69499, 31.53302, 51.58003, 0.2509617, 0.1355766, 0.06565457, 0.03361199, 0.08112456, 0.09883041, 0.097715 ],
"RecentR0": 0.097715,
"FirstDayNum": 25.22428,
"FirstDayInfectedCount": 2.552767,
"FirstDayExposedCount":  9.05707,
"PeakDayNum": 68,
"PeakDayInfectedCount": 6816.264,
"TotalPopulation": 51469999,
"Loss": 868.6971 
}
