{
 "Gamma": 0.02972451,
"Sigma": 0.1666667,
"WeeklyBeta": [ 0.1024324, 0.2251784, 0.3503473, 0.222748, 0.4797771, 0.7068737, 0.01832896, 0.006390798, 0.0008030585, 0.001677344, 0.0006186963, 0.0001262886, 7.285395e-05 ],
"RecentBeta": 7.285395e-05,
"BetaScales": [ 2.198313, 1.555865, 0.635792,   2.1539, 1.473338, 0.02592961, 0.3486722, 0.1256586, 2.088695, 0.3688547, 0.2041206, 0.5768844 ],
"WeeklyR0": [ 3.446058, 7.575515, 11.78648, 7.493749, 16.14079, 23.78084, 0.6166277, 0.215001, 0.02701671, 0.05642967, 0.02081435, 0.004248637, 0.002450972 ],
"RecentR0": 0.002450972,
"FirstDayNum": 18.91933,
"FirstDayInfectedCount":  12.4138,
"FirstDayExposedCount": 6.567565,
"PeakDayNum": 69,
"PeakDayInfectedCount": 7134.516,
"TotalPopulation": 51469999,
"Loss": 734.9993 
}
