{
 "Gamma": 0.03008844,
"Sigma":        2,
"WeeklyBeta": [ 0.06100708, 0.1015978, 0.09776798, 0.2035947, 0.5114842, 0.2254523, 0.01841018, 0.02495585, 0.001617646, 0.0009443541, 0.002330165, 0.003496078, 0.01081431 ],
"RecentBeta": 0.01081431,
"BetaScales": [ 1.665345, 0.9623037, 2.082427, 2.512267, 0.4407807, 0.08165884, 1.355546, 0.06482031, 0.583783,  2.46747, 1.500356, 3.093268 ],
"WeeklyR0": [ 2.027592,  3.37664, 3.249353, 6.766542, 16.99936, 7.492988, 0.6118687, 0.8294163, 0.05376303, 0.03138594, 0.07744386, 0.1161934, 0.3594173 ],
"RecentR0": 0.3594173,
"FirstDayNum": 23.35387,
"FirstDayInfectedCount": 2.860055,
"FirstDayExposedCount": 10.97443,
"PeakDayNum": 68,
"PeakDayInfectedCount": 7090.011,
"TotalPopulation": 51469999,
"Loss": 690.8543 
}
