{
 "Gamma": 0.03043333,
"Sigma":     0.25,
"WeeklyBeta": [ 0.2647721, 0.3260255, 0.5976858, 0.4382817, 0.3773715, 0.04031042, 0.005214464, 0.0006046198, 0.00176469, 0.005638874, 0.01534625, 0.01508011 ],
"RecentBeta": 0.01508011,
"BetaScales": [ 1.231344, 1.833249, 0.7332979, 0.8610248, 0.1068189, 0.1293577, 0.1159505, 2.918677,  3.19539, 2.721509, 0.9826582 ],
"WeeklyR0": [  8.70007, 10.71278, 19.63918, 14.40137, 12.39994, 1.324549, 0.1713405, 0.01986703, 0.05798544, 0.1852861, 0.5042579, 0.4955131 ],
"RecentR0": 0.4955131,
"FirstDayNum": 27.56221,
"FirstDayInfectedCount": 2.606937,
"FirstDayExposedCount":  8.11694,
"PeakDayNum": 70,
"PeakDayInfectedCount": 7181.695,
"TotalPopulation": 51469999,
"Loss": 901.3292 
}
